text,sentiment
"This product is absolutely wonderful! I love it so much, best purchase ever.",positive
"Terrible quality, broke after one day. Complete waste of money.",negative
"Amazing fabric and perfect fit. I would highly recommend this to everyone.",positive
"The color was nothing like the picture. Very disappointing experience.",negative
"Great value for the price. Comfortable and stylish, will buy again.",positive
"Stitching came undone after first wash. Very poor craftsmanship.",negative
"I received so many compliments wearing this. Absolutely gorgeous!",positive
"Does not fit as described. Way too small and the material feels cheap.",negative
"Exceeded my expectations! The quality is outstanding for this price point.",positive
"Returned immediately. The fabric is scratchy and uncomfortable.",negative
"Beautiful design and excellent quality. My new favorite piece!",positive
"Waste of money. Looks nothing like the advertisement. Very misleading.",negative
"Perfect for summer! Light, breezy, and looks fantastic.",positive
"The zipper broke on first use. Clearly very low quality manufacturing.",negative
"I absolutely adore this! The fit is perfect and the color is beautiful.",positive
"Shrunk significantly after washing despite following care instructions.",negative
"Stunning piece! Gets compliments every time I wear it out.",positive
"Very cheap material. Threads coming loose everywhere after one wear.",negative
"This is exactly what I was looking for. Fits like a dream!",positive
"Horrible customer service and the product quality is even worse.",negative
"Love the style and comfort. Will definitely be ordering more colors.",positive
"Not worth the price at all. Extremely overpriced for such low quality.",negative
"The craftsmanship is exceptional. You can tell this is well made.",positive
"Fell apart within a week. Save your money and buy elsewhere.",negative
"Gorgeous color and amazing fit! This is now my go-to outfit.",positive
"Completely see-through. Cannot wear this in public. Very disappointed.",negative
"Best purchase I have made this year! Absolutely love everything about it.",positive
"The buttons fell off after wearing it once. Terrible quality control.",negative
"So soft and comfortable. The quality exceeded all my expectations.",positive
"Arrived damaged and customer support was unhelpful. Never buying again.",negative
"This dress is stunning! Perfect for special occasions and very elegant.",positive
"Material is paper thin and rips easily. Total disappointment.",negative
"Incredible attention to detail. The embroidery work is beautiful.",positive
"Wrong size sent twice. Returns process is a nightmare to deal with.",negative
"Fits perfectly and looks even better in person than in photos.",positive
"Faded after first wash. Colors are not as vibrant as shown online.",negative
"My daughter loves this outfit! Great quality and adorable design.",positive
"Itchy fabric that caused skin irritation. Had to return immediately.",negative
"Elegant and sophisticated. Perfect addition to my wardrobe collection.",positive
"Seams are crooked and the hem is uneven. Poor quality manufacturing.",negative
"This jacket is amazing! Warm, stylish, and fits perfectly.",positive
"Overpriced for what you get. Found much better options at lower prices.",negative
"The material quality is superb. Very impressed with this purchase.",positive
"Took forever to arrive and was wrinkled beyond repair when it came.",negative
"Absolutely beautiful! The lace detailing is exquisite and delicate.",positive
"Color bleeds when washed. Ruined my other clothes in the laundry.",negative
"Perfect everyday wear. Comfortable, durable, and looks great.",positive
"Disappointed with the fit. Runs very large despite size chart claims.",negative
"This is my third purchase from here and quality never disappoints!",positive
"Cheap knockoff. Nothing like the original product that was advertised.",negative
"Wonderfully made with great attention to detail. Highly recommend!",positive
"The elastic waistband snapped after two wears. Very flimsy material.",negative
"I am in love with this blouse! The silk feels luxurious and premium.",positive
"Terrible packaging. Arrived completely wrinkled and with a stain.",negative
"Best fitting jeans I have ever owned. Comfortable all day long.",positive
"Material pills after one wash. Looks old and worn out already.",negative
"This coat is everything! Warm, fashionable, and well constructed.",positive
"Smells like chemicals even after multiple washes. Very concerning.",negative
"Absolutely gorgeous dress! Perfect for weddings and formal events.",positive
"The straps broke within hours of wearing. Completely useless product.",negative
"Love how versatile this piece is. Can dress it up or down easily.",positive
"Runs extremely small. Had to order three sizes up which is ridiculous.",negative
"Premium quality at an affordable price. Could not be happier!",positive
"Looks nothing like the pictures online. False advertising at its worst.",negative
"The comfort level is unmatched. Like wearing a cloud all day.",positive
"Received a used item with deodorant stains. Absolutely disgusting.",negative
"Perfect winter essential. Keeps me warm without being too bulky.",positive
"The print started peeling off after the first wash. Very cheap quality.",negative
"This sweater is incredibly soft and cozy. Perfect for cold weather.",positive
"Holes appeared after wearing it just twice. Waste of my hard earned money.",negative
"Received endless compliments at the party. This dress is a showstopper!",positive
"The description said cotton but this is clearly polyester. Misleading product info.",negative
"Great casual wear option. Comfortable and looks put together.",positive
"Buttons are sewn on poorly and keep falling off. Very frustrating experience.",negative
"This is pure luxury! The cashmere feels incredible against the skin.",positive
"Awful experience from start to finish. Product and service both terrible.",negative
"My new favorite hoodie! Super soft inside and perfect relaxed fit.",positive
"Delivery took three weeks and the item was completely wrong.",negative
"Stunning formal wear option. Got so many compliments at the gala.",positive
"Material started fraying after one day. This will not last at all.",negative
"The quality to price ratio is unbeatable. Exceptional value for money.",positive
"Cheapest looking garment I have ever received. Photos are very deceptive.",negative
"Perfectly tailored and fits like it was custom made just for me.",positive
"Uncomfortable, unflattering, and overpriced. Returning this immediately.",negative
"This athleisure set is perfect for both workouts and casual outings.",positive
"The dye transferred to my white shirt. Ruined my favorite top.",negative
"Breathable fabric perfect for hot weather. Lightweight yet durable.",positive
"Worst online shopping experience ever. Product does not match listing.",negative
"I have washed this dozens of times and it still looks brand new!",positive
"Paper thin material that is completely transparent. Cannot wear this out.",negative
"The embroidery is handcrafted and absolutely beautiful. Worth every penny.",positive
"Ripped at the seam on the first day I wore it out. Very poor quality.",negative
"Classic design that never goes out of style. A wardrobe staple for sure.",positive
"Smells terrible and the smell does not go away even after washing.",negative
"This swimsuit fits perfectly and the pattern is gorgeous. Love it!",positive
"Elastic lost stretch after one wear. Does not hold shape at all.",negative
"Restaurant staff complimented my outfit! This blazer is a head turner.",positive
"Pockets are fake and the lining is torn. Quality control is nonexistent.",negative
"Super cute and comfortable summer dress. Gets compliments everywhere!",positive
"The worst quality fabric I have ever felt. Like wearing sandpaper.",negative
"Investment piece that is worth every single penny. Exceptional quality.",positive
"Ordered medium but received something that fits like extra extra small.",negative
